{
    "name": "root",
    "gauges": {
        "NICO.Policy.Entropy.mean": {
            "value": 1.4073371887207031,
            "min": 1.4073371887207031,
            "max": 1.4230988025665283,
            "count": 25
        },
        "NICO.Policy.Entropy.sum": {
            "value": 13932.638671875,
            "min": 11751.265625,
            "max": 17523.88671875,
            "count": 25
        },
        "NICO.Environment.EpisodeLength.mean": {
            "value": 263.92105263157896,
            "min": 63.089171974522294,
            "max": 282.8,
            "count": 25
        },
        "NICO.Environment.EpisodeLength.sum": {
            "value": 10029.0,
            "min": 9749.0,
            "max": 10240.0,
            "count": 25
        },
        "NICO.Step.mean": {
            "value": 249863.0,
            "min": 9911.0,
            "max": 249863.0,
            "count": 25
        },
        "NICO.Step.sum": {
            "value": 249863.0,
            "min": 9911.0,
            "max": 249863.0,
            "count": 25
        },
        "NICO.Policy.ExtrinsicValueEstimate.mean": {
            "value": -0.5634347200393677,
            "min": -0.6918966770172119,
            "max": 0.3038380742073059,
            "count": 25
        },
        "NICO.Policy.ExtrinsicValueEstimate.sum": {
            "value": -21.410518646240234,
            "min": -44.910274505615234,
            "max": 40.596717834472656,
            "count": 25
        },
        "NICO.Environment.CumulativeReward.mean": {
            "value": -1.7493169119483547,
            "min": -1.9022409633586281,
            "max": -1.2989746630191803,
            "count": 25
        },
        "NICO.Environment.CumulativeReward.sum": {
            "value": -66.47404265403748,
            "min": -202.64004743099213,
            "max": -61.70504426956177,
            "count": 25
        },
        "NICO.Policy.ExtrinsicReward.mean": {
            "value": -1.7493169119483547,
            "min": -1.9022409633586281,
            "max": -1.2989746630191803,
            "count": 25
        },
        "NICO.Policy.ExtrinsicReward.sum": {
            "value": -66.47404265403748,
            "min": -202.64004743099213,
            "max": -61.70504426956177,
            "count": 25
        },
        "NICO.IsTraining.mean": {
            "value": 1.0,
            "min": 1.0,
            "max": 1.0,
            "count": 25
        },
        "NICO.IsTraining.sum": {
            "value": 1.0,
            "min": 1.0,
            "max": 1.0,
            "count": 25
        },
        "NICO.Losses.PolicyLoss.mean": {
            "value": 0.07046584752218527,
            "min": 0.07023902592275025,
            "max": 0.07172157274305228,
            "count": 4
        },
        "NICO.Losses.PolicyLoss.sum": {
            "value": 0.07046584752218527,
            "min": 0.07023902592275025,
            "max": 0.07172157274305228,
            "count": 4
        },
        "NICO.Losses.ValueLoss.mean": {
            "value": 0.007465079911232281,
            "min": 0.007465079911232281,
            "max": 0.04938604560752328,
            "count": 4
        },
        "NICO.Losses.ValueLoss.sum": {
            "value": 0.007465079911232281,
            "min": 0.007465079911232281,
            "max": 0.04938604560752328,
            "count": 4
        },
        "NICO.Policy.LearningRate.mean": {
            "value": 5.984528005159999e-05,
            "min": 5.984528005159999e-05,
            "max": 0.00023995562001479997,
            "count": 4
        },
        "NICO.Policy.LearningRate.sum": {
            "value": 5.984528005159999e-05,
            "min": 5.984528005159999e-05,
            "max": 0.00023995562001479997,
            "count": 4
        },
        "NICO.Policy.Epsilon.mean": {
            "value": 0.11994839999999997,
            "min": 0.11994839999999997,
            "max": 0.17998519999999998,
            "count": 4
        },
        "NICO.Policy.Epsilon.sum": {
            "value": 0.11994839999999997,
            "min": 0.11994839999999997,
            "max": 0.17998519999999998,
            "count": 4
        },
        "NICO.Policy.Beta.mean": {
            "value": 0.00020748916000000006,
            "min": 0.00020748916000000006,
            "max": 0.0008018534799999998,
            "count": 4
        },
        "NICO.Policy.Beta.sum": {
            "value": 0.00020748916000000006,
            "min": 0.00020748916000000006,
            "max": 0.0008018534799999998,
            "count": 4
        }
    },
    "metadata": {
        "timer_format_version": "0.1.0",
        "start_time_seconds": "1762899377",
        "python_version": "3.10.12 | packaged by Anaconda, Inc. | (main, Jul  5 2023, 19:01:18) [MSC v.1916 64 bit (AMD64)]",
        "command_line_arguments": "C:\\Users\\Lubos\\miniconda3\\envs\\mlagents\\Scripts\\mlagents-learn C:\\diplomovka\\active_domain_randomization\\Training\\trainingConfig.yaml --run-id=C:\\diplomovka\\active_domain_randomization\\Training\\results\\nico_new_agent_5 --train",
        "mlagents_version": "1.1.0",
        "mlagents_envs_version": "1.1.0",
        "communication_protocol_version": "1.5.0",
        "pytorch_version": "2.2.2+cu121",
        "numpy_version": "1.23.5",
        "end_time_seconds": "1762899840"
    },
    "total": 462.4614228999708,
    "count": 1,
    "self": 0.01230330002726987,
    "children": {
        "run_training.setup": {
            "total": 0.13884929998312145,
            "count": 1,
            "self": 0.13884929998312145
        },
        "TrainerController.start_learning": {
            "total": 462.3102702999604,
            "count": 1,
            "self": 0.15037889953237027,
            "children": {
                "TrainerController._reset_env": {
                    "total": 10.081274800002575,
                    "count": 1,
                    "self": 10.081274800002575
                },
                "TrainerController.advance": {
                    "total": 451.95495650038356,
                    "count": 6344,
                    "self": 0.1488839993835427,
                    "children": {
                        "env_step": {
                            "total": 150.85405340144644,
                            "count": 6344,
                            "self": 138.1089250044315,
                            "children": {
                                "SubprocessEnvManager._take_step": {
                                    "total": 12.654926100454759,
                                    "count": 6344,
                                    "self": 0.5150590008124709,
                                    "children": {
                                        "TorchPolicy.evaluate": {
                                            "total": 12.139867099642288,
                                            "count": 5159,
                                            "self": 12.139867099642288
                                        }
                                    }
                                },
                                "workers": {
                                    "total": 0.09020229656016454,
                                    "count": 6344,
                                    "self": 0.0,
                                    "children": {
                                        "worker_root": {
                                            "total": 453.6766544985003,
                                            "count": 6344,
                                            "is_parallel": true,
                                            "self": 330.92849860247225,
                                            "children": {
                                                "steps_from_proto": {
                                                    "total": 0.0010707000037655234,
                                                    "count": 1,