{"count":1,"self":534.0123648,"total":5174.4910583,"children":{"InitializeActuators":{"count":40,"self":0.0040184999999999995,"total":0.0040184999999999995,"children":null},"InitializeSensors":{"count":40,"self":0.0010141,"total":0.0010141,"children":null},"AgentInfo.ToProto":{"count":40,"self":0.0015053999999999998,"total":0.0050173,"children":{"GenerateSensorData":{"count":40,"self":0.0035118999999999997,"total":0.0035118999999999997,"children":null}}},"AgentSendState":{"count":300601,"self":8.4048927999999989,"total":42.2166838,"children":{"CollectObservations":{"count":3006040,"self":12.315357599999999,"total":12.315357299999999,"children":null},"WriteActionMask":{"count":3006040,"self":1.7377592,"total":1.7377592,"children":null},"RequestDecision":{"count":3006040,"self":6.027988,"total":19.758674799999998,"children":{"AgentInfo.ToProto":{"count":3006040,"self":5.1843027999999993,"total":13.730686599999999,"children":{"GenerateSensorData":{"count":3006040,"self":8.546384,"total":8.5463839,"children":null}}}}}}},"DecideAction":{"count":300601,"self":4522.3448576,"total":4522.3446638,"children":null},"AgentAct":{"count":300601,"self":75.775116799999992,"total":75.906314999999992,"children":{"AgentInfo.ToProto":{"count":10621,"self":0.0445621,"total":0.1311964,"children":{"GenerateSensorData":{"count":10621,"self":0.0866343,"total":0.0866343,"children":null}}}}}},"gauges":{"NICO.CumulativeReward":{"count":10661,"max":0.5340731,"min":-5.974094,"runningAverage":-2.16862917,"value":-0.487906218,"weightedAverage":-1.81905556}},"metadata":{"timer_format_version":"0.1.0","start_time_seconds":"1763490858","unity_version":"2022.3.4f1","command_line_arguments":"C:\\Program Files\\Unity\\Hub\\Editor\\2022.3.4f1-x86_64\\Editor\\Unity.exe -projectpath C:\\diplomovka\\active_domain_randomization\\NICOADR -acceptSoftwareTermsForThisRunOnly -useHub -hubIPC -cloudEnvironment production -licensingIpc LicenseClient-Lubos -hubSessionId fbe40e25-70d3-4f5d-9358-98257c096392 -accessToken RA2TiMLVJKiTtYgZMlJrwIAoikmi2TU7-7YI_z3Oa7A007f","communication_protocol_version":"1.5.0","com.unity.ml-agents_version":"2.0.2","scene_name":"Training","end_time_seconds":"1763496033"}}