{"count":1,"self":557.7452032,"total":5298.4433424,"children":{"InitializeActuators":{"count":40,"self":0.0030104,"total":0.0030104,"children":null},"InitializeSensors":{"count":40,"self":0.0020953,"total":0.0020953,"children":null},"AgentInfo.ToProto":{"count":40,"self":0,"total":0.0060168999999999995,"children":{"GenerateSensorData":{"count":40,"self":0.0060168999999999995,"total":0.0060168999999999995,"children":null}}},"AgentSendState":{"count":302151,"self":8.8995344,"total":43.4483481,"children":{"CollectObservations":{"count":3021520,"self":12.6471,"total":12.6471003,"children":null},"WriteActionMask":{"count":3021520,"self":1.7679555999999998,"total":1.7679555999999998,"children":null},"RequestDecision":{"count":3021520,"self":6.0786776,"total":20.133758099999998,"children":{"AgentInfo.ToProto":{"count":3021520,"self":5.399424,"total":14.055080499999999,"children":{"GenerateSensorData":{"count":3021520,"self":8.6556568,"total":8.6556565,"children":null}}}}}}},"DecideAction":{"count":302151,"self":4619.4302976,"total":4619.4303899999995,"children":null},"AgentAct":{"count":302151,"self":77.6642944,"total":77.8067854,"children":{"AgentInfo.ToProto":{"count":11085,"self":0.044143499999999995,"total":0.1424909,"children":{"GenerateSensorData":{"count":11085,"self":0.0983474,"total":0.0983474,"children":null}}}}}},"gauges":{"NICO.CumulativeReward":{"count":11125,"max":2.57750034,"min":-7.45308161,"runningAverage":-2.074631,"value":-4.969763,"weightedAverage":-2.57213783}},"metadata":{"timer_format_version":"0.1.0","start_time_seconds":"1763484988","unity_version":"2022.3.4f1","command_line_arguments":"C:\\Program Files\\Unity\\Hub\\Editor\\2022.3.4f1-x86_64\\Editor\\Unity.exe -projectpath C:\\diplomovka\\active_domain_randomization\\NICOADR -acceptSoftwareTermsForThisRunOnly -useHub -hubIPC -cloudEnvironment production -licensingIpc LicenseClient-Lubos -hubSessionId fbe40e25-70d3-4f5d-9358-98257c096392 -accessToken RA2TiMLVJKiTtYgZMlJrwIAoikmi2TU7-7YI_z3Oa7A007f","communication_protocol_version":"1.5.0","com.unity.ml-agents_version":"2.0.2","scene_name":"Training","end_time_seconds":"1763490286"}}