{
    "name": "root",
    "gauges": {
        "NICO.Policy.Entropy.mean": {
            "value": 1.0401932001113892,
            "min": 1.0401932001113892,
            "max": 1.418938398361206,
            "count": 625
        },
        "NICO.Policy.Entropy.sum": {
            "value": 10818.009765625,
            "min": 8601.5556640625,
            "max": 18048.896484375,
            "count": 625
        },
        "NICO.Environment.EpisodeLength.mean": {
            "value": 262.6578947368421,
            "min": 75.40458015267176,
            "max": 306.06060606060606,
            "count": 625
        },
        "NICO.Environment.EpisodeLength.sum": {
            "value": 9981.0,
            "min": 9485.0,
            "max": 10520.0,
            "count": 625
        },
        "NICO.Step.mean": {
            "value": 6249818.0,
            "min": 9902.0,
            "max": 6249818.0,
            "count": 625
        },
        "NICO.Step.sum": {
            "value": 6249818.0,
            "min": 9902.0,
            "max": 6249818.0,
            "count": 625
        },
        "NICO.Policy.ExtrinsicValueEstimate.mean": {
            "value": -0.13265128433704376,
            "min": -0.5684236884117126,
            "max": 0.37353792786598206,
            "count": 625
        },
        "NICO.Policy.ExtrinsicValueEstimate.sum": {
            "value": -5.040748596191406,
            "min": -38.652809143066406,
            "max": 42.95686340332031,
            "count": 625
        },
        "NICO.Environment.CumulativeReward.mean": {
            "value": 0.5989791045063421,
            "min": -1.3423850915189517,
            "max": 1.1364863935638876,
            "count": 625
        },
        "NICO.Environment.CumulativeReward.sum": {
            "value": 22.761205971240997,
            "min": -170.99534118175507,
            "max": 40.88580811023712,
            "count": 625
        },
        "NICO.Policy.ExtrinsicReward.mean": {
            "value": 0.5989791045063421,
            "min": -1.3423850915189517,
            "max": 1.1364863935638876,
            "count": 625
        },
        "NICO.Policy.ExtrinsicReward.sum": {
            "value": 22.761205971240997,
            "min": -170.99534118175507,
            "max": 40.88580811023712,
            "count": 625
        },
        "NICO.IsTraining.mean": {
            "value": 1.0,
            "min": 1.0,
            "max": 1.0,
            "count": 625
        },
        "NICO.IsTraining.sum": {
            "value": 1.0,
            "min": 1.0,
            "max": 1.0,
            "count": 625
        },
        "NICO.Losses.PolicyLoss.mean": {
            "value": 0.06793727722910592,
            "min": 0.0665160299247743,
            "max": 0.07118619298124733,
            "count": 124
        },
        "NICO.Losses.PolicyLoss.sum": {
            "value": 0.06793727722910592,
            "min": 0.0665160299247743,
            "max": 0.07118619298124733,
            "count": 124
        },
        "NICO.Losses.ValueLoss.mean": {
            "value": 0.007487310063671819,
            "min": 0.004705599804937034,
            "max": 0.08337039128708108,
            "count": 124
        },
        "NICO.Losses.ValueLoss.sum": {
            "value": 0.007487310063671819,
            "min": 0.004705599804937034,
            "max": 0.08337039128708108,
            "count": 124
        },
        "NICO.Policy.LearningRate.mean": {
            "value": 0.00022537587687471598,
            "min": 0.00022537587687471598,
            "max": 0.00029939856020047995,
            "count": 124
        },
        "NICO.Policy.LearningRate.sum": {
            "value": 0.00022537587687471598,
            "min": 0.00022537587687471598,
            "max": 0.00029939856020047995,
            "count": 124
        },
        "NICO.Policy.Epsilon.mean": {
            "value": 0.17512528399999996,
            "min": 0.17512528399999996,
            "max": 0.19979951999999998,
            "count": 124
        },
        "NICO.Policy.Epsilon.sum": {
            "value": 0.17512528399999996,
            "min": 0.17512528399999996,
            "max": 0.19979951999999998,
            "count": 124
        },
        "NICO.Policy.Beta.mean": {
            "value": 0.0007537403116000002,
            "min": 0.0007537403116000002,
            "max": 0.0009980152480000002,
            "count": 124
        },
        "NICO.Policy.Beta.sum": {
            "value": 0.0007537403116000002,
            "min": 0.0007537403116000002,
            "max": 0.0009980152480000002,
            "count": 124
        }
    },
    "metadata": {
        "timer_format_version": "0.1.0",
        "start_time_seconds": "1763470925",
        "python_version": "3.10.12 | packaged by Anaconda, Inc. | (main, Jul  5 2023, 19:01:18) [MSC v.1916 64 bit (AMD64)]",
        "command_line_arguments": "C:\\Users\\Lubos\\miniconda3\\envs\\mlagents\\Scripts\\mlagents-learn C:\\diplomovka\\active_domain_randomization\\Training\\trainingConfig.yaml --run-id=C:\\diplomovka\\active_domain_randomization\\Training\\results\\nico_new_agent_8 --train",
        "mlagents_version": "1.1.0",
        "mlagents_envs_version": "1.1.0",
        "communication_protocol_version": "1.5.0",
        "pytorch_version": "2.2.2+cu121",
        "numpy_version": "1.23.5",
        "end_time_seconds": "1763481706"
    },
    "total": 10781.35711490002,
    "count": 1,
    "self": 0.0076775000197812915,
    "children": {
        "run_training.setup": {
            "total": 0.13197190000209957,
            "count": 1,
            "self": 0.13197190000209957
        },
        "TrainerController.start_learning": {
            "total": 10781.217465499998,
            "count": 1,
            "self": 3.6031403836095706,
            "children": {
                "TrainerController._reset_env": {
                    "total": 12.0464842999354,
                    "count": 1,
                    "self": 12.0464842999354
                },
                "TrainerController.advance": {
                    "total": 10765.471215416444,
                    "count": 173682,
                    "self": 3.610660395002924,
                    "children": {
                        "env_step": {
                            "total": 2582.122073295526,
                            "count": 173682,
                            "self": 2210.0849765103776,
                            "children": {
                                "SubprocessEnvManager._take_step": {
                                    "total": 369.69618708558846,
                                    "count": 173682,
                                    "self": 13.1732236770913,
                                    "children": {
                                        "TorchPolicy.evaluate": {
                                            "total": 356.52296340849716,
                                            "count": 156600,
                                            "self": 356.52296340849716
                                        }
                                    }
                                },
                                "workers": {
                                    "total": 2.340909699560143,
                                    "count": 173681,
                                    "self": 0.0,
                                    "children": {
                                        "worker_root": {
                                            "total": 10766.291122801951,
                                            "count": 173681,
                                            "is_parallel": true,
                                            "self": 8931.757841816987,
                                            "children": {
                                                "steps_from_proto": {
                                                    "total": 0.001115199993364513,
                                                    "count": 1,