{
    "name": "root",
    "gauges": {
        "NICO.Policy.Entropy.mean": {
            "value": 1.3574237823486328,
            "min": 1.3574237823486328,
            "max": 1.418938398361206,
            "count": 50
        },
        "NICO.Policy.Entropy.sum": {
            "value": 15271.017578125,
            "min": 3054.20361328125,
            "max": 15963.056640625,
            "count": 50
        },
        "NICO.Step.mean": {
            "value": 499000.0,
            "min": 9750.0,
            "max": 499000.0,
            "count": 50
        },
        "NICO.Step.sum": {
            "value": 499000.0,
            "min": 9750.0,
            "max": 499000.0,
            "count": 50
        },
        "NICO.Policy.ExtrinsicValueEstimate.mean": {
            "value": -608.5872802734375,
            "min": -655.026611328125,
            "max": -0.018258914351463318,
            "count": 50
        },
        "NICO.Policy.ExtrinsicValueEstimate.sum": {
            "value": -9737.396484375,
            "min": -11051.6015625,
            "max": -0.2921426296234131,
            "count": 50
        },
        "NICO.Environment.EpisodeLength.mean": {
            "value": 1249.0,
            "min": 1249.0,
            "max": 1249.0,
            "count": 44
        },
        "NICO.Environment.EpisodeLength.sum": {
            "value": 11241.0,
            "min": 11241.0,
            "max": 11241.0,
            "count": 44
        },
        "NICO.Environment.CumulativeReward.mean": {
            "value": -7169.755221896701,
            "min": -11998.777994791666,
            "max": -6758.650729709201,
            "count": 50
        },
        "NICO.Environment.CumulativeReward.sum": {
            "value": -64527.79699707031,
            "min": -97305.59411621094,
            "max": -27280.916625976562,
            "count": 50
        },
        "NICO.Policy.ExtrinsicReward.mean": {
            "value": -7169.755221896701,
            "min": -11998.777994791666,
            "max": -6758.650729709201,
            "count": 50
        },
        "NICO.Policy.ExtrinsicReward.sum": {
            "value": -64527.79699707031,
            "min": -97305.59411621094,
            "max": -27280.916625976562,
            "count": 50
        },
        "NICO.IsTraining.mean": {
            "value": 1.0,
            "min": 1.0,
            "max": 1.0,
            "count": 50
        },
        "NICO.IsTraining.sum": {
            "value": 1.0,
            "min": 1.0,
            "max": 1.0,
            "count": 50
        },
        "NICO.Losses.PolicyLoss.mean": {
            "value": 0.06891601329278062,
            "min": 0.06891601329278062,
            "max": 0.07140601200281585,
            "count": 8
        },
        "NICO.Losses.PolicyLoss.sum": {
            "value": 0.06891601329278062,
            "min": 0.06891601329278062,
            "max": 0.07140601200281585,
            "count": 8
        },
        "NICO.Losses.ValueLoss.mean": {
            "value": 1812.238820458762,
            "min": 1812.238820458762,
            "max": 24365.306251507758,
            "count": 8
        },
        "NICO.Losses.ValueLoss.sum": {
            "value": 1812.238820458762,
            "min": 1812.238820458762,
            "max": 24365.306251507758,
            "count": 8
        },
        "NICO.Policy.LearningRate.mean": {
            "value": 0.000294627001791,
            "min": 0.000294627001791,
            "max": 0.00029935200021600003,
            "count": 8
        },
        "NICO.Policy.LearningRate.sum": {
            "value": 0.000294627001791,
            "min": 0.000294627001791,
            "max": 0.00029935200021600003,
            "count": 8
        },
        "NICO.Policy.Epsilon.mean": {
            "value": 0.19820900000000002,
            "min": 0.19820900000000002,
            "max": 0.199784,
            "count": 8
        },
        "NICO.Policy.Epsilon.sum": {
            "value": 0.19820900000000002,
            "min": 0.19820900000000002,
            "max": 0.199784,
            "count": 8
        },
        "NICO.Policy.Beta.mean": {
            "value": 0.0009822691,
            "min": 0.0009822691,
            "max": 0.0009978616,
            "count": 8
        },
        "NICO.Policy.Beta.sum": {
            "value": 0.0009822691,
            "min": 0.0009822691,
            "max": 0.0009978616,
            "count": 8
        }
    },
    "metadata": {
        "timer_format_version": "0.1.0",
        "start_time_seconds": "1744305559",
        "python_version": "3.10.12 | packaged by Anaconda, Inc. | (main, Jul  5 2023, 19:01:18) [MSC v.1916 64 bit (AMD64)]",
        "command_line_arguments": "C:\\Users\\Lubos\\miniconda3\\envs\\mlagents\\Scripts\\mlagents-learn NICO.yaml --run-id=nico_03",
        "mlagents_version": "1.1.0",
        "mlagents_envs_version": "1.1.0",
        "communication_protocol_version": "1.5.0",
        "pytorch_version": "2.2.2+cu121",
        "numpy_version": "1.23.5",
        "end_time_seconds": "1744320926"
    },
    "total": 15366.277697099998,
    "count": 1,
    "self": 0.00800599999820406,
    "children": {
        "run_training.setup": {
            "total": 0.11782530000027691,
            "count": 1,
            "self": 0.11782530000027691
        },
        "TrainerController.start_learning": {
            "total": 15366.1518658,
            "count": 1,
            "self": 1.1466882000986516,
            "children": {
                "TrainerController._reset_env": {
                    "total": 9.405619000000115,
                    "count": 1,
                    "self": 9.405619000000115
                },
                "TrainerController.advance": {
                    "total": 15355.309098799902,
                    "count": 56001,
                    "self": 1.131973499976084,
                    "children": {
                        "env_step": {
                            "total": 14697.68944120003,
                            "count": 56001,
                            "self": 14561.919327600172,
                            "children": {
                                "SubprocessEnvManager._take_step": {
                                    "total": 134.99009199995635,
                                    "count": 56001,
                                    "self": 3.8084995000567687,
                                    "children": {
                                        "TorchPolicy.evaluate": {
                                            "total": 131.18159249989958,
                                            "count": 56001,
                                            "self": 131.18159249989958
                                        }
                                    }
                                },
                                "workers": {
                                    "total": 0.7800215999022839,
                                    "count": 56000,
                                    "self": 0.0,
                                    "children": {
                                        "worker_root": {
                                            "total": 1126.4683758999613,
                                            "count": 56000,
                                            "is_parallel": true,
                                            "self": 789.6855511998629,
                                            "children": {
                                                "steps_from_proto": {
                                                    "total": 0.0003897000001416018,
                                                    "count": 1,
                                                    "is_parallel": true,