{
    "name": "root",
    "gauges": {
        "NICO.Policy.Entropy.mean": {
            "value": 1.2264854907989502,
            "min": 1.2264854907989502,
            "max": 1.418938398361206,
            "count": 301
        },
        "NICO.Policy.Entropy.sum": {
            "value": 10253.4189453125,
            "min": 9674.841796875,
            "max": 18979.533203125,
            "count": 301
        },
        "NICO.Environment.EpisodeLength.mean": {
            "value": 284.51428571428573,
            "min": 62.15527950310559,
            "max": 328.2258064516129,
            "count": 301
        },
        "NICO.Environment.EpisodeLength.sum": {
            "value": 9958.0,
            "min": 9495.0,
            "max": 10474.0,
            "count": 301
        },
        "NICO.Step.mean": {
            "value": 3009892.0,
            "min": 9985.0,
            "max": 3009892.0,
            "count": 301
        },
        "NICO.Step.sum": {
            "value": 3009892.0,
            "min": 9985.0,
            "max": 3009892.0,
            "count": 301
        },
        "NICO.Policy.ExtrinsicValueEstimate.mean": {
            "value": -0.2905197739601135,
            "min": -0.7398205399513245,
            "max": 0.3136865794658661,
            "count": 301
        },
        "NICO.Policy.ExtrinsicValueEstimate.sum": {
            "value": -10.168191909790039,
            "min": -42.50486755371094,
            "max": 50.18985366821289,
            "count": 301
        },
        "NICO.Environment.CumulativeReward.mean": {
            "value": -0.17024421351296562,
            "min": -1.3115647168159486,
            "max": 0.8186415510792886,
            "count": 301
        },
        "NICO.Environment.CumulativeReward.sum": {
            "value": -5.958547472953796,
            "min": -203.2014748454094,
            "max": 25.377888083457947,
            "count": 301
        },
        "NICO.Policy.ExtrinsicReward.mean": {
            "value": -0.17024421351296562,
            "min": -1.3115647168159486,
            "max": 0.8186415510792886,
            "count": 301
        },
        "NICO.Policy.ExtrinsicReward.sum": {
            "value": -5.958547472953796,
            "min": -203.2014748454094,
            "max": 25.377888083457947,
            "count": 301
        },
        "NICO.IsTraining.mean": {
            "value": 1.0,
            "min": 1.0,
            "max": 1.0,
            "count": 301
        },
        "NICO.IsTraining.sum": {
            "value": 1.0,
            "min": 1.0,
            "max": 1.0,
            "count": 301
        },
        "NICO.Losses.PolicyLoss.mean": {
            "value": 0.06685565325491087,
            "min": 0.06559550726679028,
            "max": 0.07128595384072668,
            "count": 60
        },
        "NICO.Losses.PolicyLoss.sum": {
            "value": 0.06685565325491087,
            "min": 0.06559550726679028,
            "max": 0.07128595384072668,
            "count": 60
        },
        "NICO.Losses.ValueLoss.mean": {
            "value": 0.009847693430701071,
            "min": 0.006934086241588895,
            "max": 0.08744602180026528,
            "count": 60
        },
        "NICO.Losses.ValueLoss.sum": {
            "value": 0.009847693430701071,
            "min": 0.006934086241588895,
            "max": 0.08744602180026528,
            "count": 60
        },
        "NICO.Policy.LearningRate.mean": {
            "value": 0.0001495341501553,
            "min": 0.0001495341501553,
            "max": 0.0002974971008343,
            "count": 60
        },
        "NICO.Policy.LearningRate.sum": {
            "value": 0.0001495341501553,
            "min": 0.0001495341501553,
            "max": 0.0002974971008343,
            "count": 60
        },
        "NICO.Policy.Epsilon.mean": {
            "value": 0.14984470000000003,
            "min": 0.14984470000000003,
            "max": 0.1991657,
            "count": 60
        },
        "NICO.Policy.Epsilon.sum": {
            "value": 0.14984470000000003,
            "min": 0.14984470000000003,
            "max": 0.1991657,
            "count": 60
        },
        "NICO.Policy.Beta.mean": {
            "value": 0.0005034625300000001,
            "min": 0.0005034625300000001,
            "max": 0.0009917404300000003,
            "count": 60
        },
        "NICO.Policy.Beta.sum": {
            "value": 0.0005034625300000001,
            "min": 0.0005034625300000001,
            "max": 0.0009917404300000003,
            "count": 60
        }
    },
    "metadata": {
        "timer_format_version": "0.1.0",
        "start_time_seconds": "1763484978",
        "python_version": "3.10.12 | packaged by Anaconda, Inc. | (main, Jul  5 2023, 19:01:18) [MSC v.1916 64 bit (AMD64)]",
        "command_line_arguments": "C:\\Users\\Lubos\\miniconda3\\envs\\mlagents\\Scripts\\mlagents-learn C:\\diplomovka\\active_domain_randomization\\Training\\trainingConfig.yaml --run-id=C:\\diplomovka\\active_domain_randomization\\Training\\results\\nico_new_agent_9 --train",
        "mlagents_version": "1.1.0",
        "mlagents_envs_version": "1.1.0",
        "communication_protocol_version": "1.5.0",
        "pytorch_version": "2.2.2+cu121",
        "numpy_version": "1.23.5",
        "end_time_seconds": "1763490289"
    },
    "total": 5310.9827391,
    "count": 1,
    "self": 0.017182700103148818,
    "children": {
        "run_training.setup": {
            "total": 0.14759639999829233,
            "count": 1,
            "self": 0.14759639999829233
        },
        "TrainerController.start_learning": {
            "total": 5310.817959999898,
            "count": 1,
            "self": 1.8485830986173823,
            "children": {
                "TrainerController._reset_env": {
                    "total": 11.367636200040579,
                    "count": 1,
                    "self": 11.367636200040579
                },
                "TrainerController.advance": {
                    "total": 5297.5223499012645,
                    "count": 83810,
                    "self": 1.863937692833133,
                    "children": {
                        "env_step": {
                            "total": 1288.8866459208075,
                            "count": 83810,
                            "self": 1108.538276196923,
                            "children": {
                                "SubprocessEnvManager._take_step": {
                                    "total": 179.1818996212678,
                                    "count": 83810,
                                    "self": 6.917159620905295,
                                    "children": {
                                        "TorchPolicy.evaluate": {
                                            "total": 172.2647400003625,
                                            "count": 75534,
                                            "self": 172.2647400003625
                                        }
                                    }
                                },
                                "workers": {
                                    "total": 1.1664701026165858,
                                    "count": 83809,
                                    "self": 0.0,
                                    "children": {
                                        "worker_root": {
                                            "total": 5295.542810601997,
                                            "count": 83809,
                                            "is_parallel": true,
                                            "self": 4379.9807359142,
                                            "children": {
                                                "steps_from_proto": {
                                                    "total": 0.0010338000720366836,
                                                    "count": 1,