{
    "name": "root",
    "gauges": {
        "NICO.Policy.Entropy.mean": {
            "value": 1.3820781707763672,
            "min": 1.3820781707763672,
            "max": 1.418938398361206,
            "count": 36
        },
        "NICO.Policy.Entropy.sum": {
            "value": 3109.67578125,
            "min": 3109.67578125,
            "max": 15963.056640625,
            "count": 36
        },
        "NICO.Step.mean": {
            "value": 359750.0,
            "min": 9750.0,
            "max": 359750.0,
            "count": 36
        },
        "NICO.Step.sum": {
            "value": 359750.0,
            "min": 9750.0,
            "max": 359750.0,
            "count": 36
        },
        "NICO.Policy.ExtrinsicValueEstimate.mean": {
            "value": -652.53271484375,
            "min": -692.775146484375,
            "max": 0.26598823070526123,
            "count": 36
        },
        "NICO.Policy.ExtrinsicValueEstimate.sum": {
            "value": -10440.5234375,
            "min": -11777.177734375,
            "max": 4.5218000411987305,
            "count": 36
        },
        "NICO.Environment.EpisodeLength.mean": {
            "value": 1249.0,
            "min": 1249.0,
            "max": 1249.0,
            "count": 32
        },
        "NICO.Environment.EpisodeLength.sum": {
            "value": 11241.0,
            "min": 11241.0,
            "max": 11241.0,
            "count": 32
        },
        "NICO.Environment.CumulativeReward.mean": {
            "value": -7375.614944458008,
            "min": -11781.099853515625,
            "max": -7305.186957465277,
            "count": 36
        },
        "NICO.Environment.CumulativeReward.sum": {
            "value": -59004.91955566406,
            "min": -103927.49389648438,
            "max": -31151.555297851562,
            "count": 36
        },
        "NICO.Policy.ExtrinsicReward.mean": {
            "value": -7375.614944458008,
            "min": -11781.099853515625,
            "max": -7305.186957465277,
            "count": 36
        },
        "NICO.Policy.ExtrinsicReward.sum": {
            "value": -59004.91955566406,
            "min": -103927.49389648438,
            "max": -31151.555297851562,
            "count": 36
        },
        "NICO.IsTraining.mean": {
            "value": 1.0,
            "min": 1.0,
            "max": 1.0,
            "count": 36
        },
        "NICO.IsTraining.sum": {
            "value": 1.0,
            "min": 1.0,
            "max": 1.0,
            "count": 36
        },
        "NICO.Losses.PolicyLoss.mean": {
            "value": 0.06962642468656706,
            "min": 0.06924984736972463,
            "max": 0.07135690501255632,
            "count": 6
        },
        "NICO.Losses.PolicyLoss.sum": {
            "value": 0.06962642468656706,
            "min": 0.06924984736972463,
            "max": 0.07135690501255632,
            "count": 6
        },
        "NICO.Losses.ValueLoss.mean": {
            "value": 2042.7240722378185,
            "min": 2042.7240722378185,
            "max": 28422.747595591783,
            "count": 6
        },
        "NICO.Losses.ValueLoss.sum": {
            "value": 2042.7240722378185,
            "min": 2042.7240722378185,
            "max": 28422.747595591783,
            "count": 6
        },
        "NICO.Policy.LearningRate.mean": {
            "value": 0.000295977001341,
            "min": 0.000295977001341,
            "max": 0.00029935200021600003,
            "count": 6
        },
        "NICO.Policy.LearningRate.sum": {
            "value": 0.000295977001341,
            "min": 0.000295977001341,
            "max": 0.00029935200021600003,
            "count": 6
        },
        "NICO.Policy.Epsilon.mean": {
            "value": 0.19865899999999997,
            "min": 0.19865899999999997,
            "max": 0.199784,
            "count": 6
        },
        "NICO.Policy.Epsilon.sum": {
            "value": 0.19865899999999997,
            "min": 0.19865899999999997,
            "max": 0.199784,
            "count": 6
        },
        "NICO.Policy.Beta.mean": {
            "value": 0.0009867240999999998,
            "min": 0.0009867240999999998,
            "max": 0.0009978616,
            "count": 6
        },
        "NICO.Policy.Beta.sum": {
            "value": 0.0009867240999999998,
            "min": 0.0009867240999999998,
            "max": 0.0009978616,
            "count": 6
        }
    },
    "metadata": {
        "timer_format_version": "0.1.0",
        "start_time_seconds": "1747916602",
        "python_version": "3.10.12 | packaged by Anaconda, Inc. | (main, Jul  5 2023, 19:01:18) [MSC v.1916 64 bit (AMD64)]",
        "command_line_arguments": "C:\\Users\\Lubos\\miniconda3\\envs\\mlagents\\Scripts\\mlagents-learn NICO.yaml --run-id=nico_new_agent_01 --train",
        "mlagents_version": "1.1.0",
        "mlagents_envs_version": "1.1.0",
        "communication_protocol_version": "1.5.0",
        "pytorch_version": "2.2.2+cu121",
        "numpy_version": "1.23.5",
        "end_time_seconds": "1747917491"
    },
    "total": 889.1387204000202,
    "count": 1,
    "self": 0.00797850001254119,
    "children": {
        "run_training.setup": {
            "total": 0.12296530001913197,
            "count": 1,
            "self": 0.12296530001913197
        },
        "TrainerController.start_learning": {
            "total": 889.0077765999886,
            "count": 1,
            "self": 0.8515573030163068,
            "children": {
                "TrainerController._reset_env": {
                    "total": 8.82420460000867,
                    "count": 1,
                    "self": 8.82420460000867
                },
                "TrainerController.advance": {
                    "total": 879.1466099969693,
                    "count": 40373,
                    "self": 0.8404327996249776,
                    "children": {
                        "env_step": {
                            "total": 419.2543325968436,
                            "count": 40373,
                            "self": 321.0475699022645,
                            "children": {
                                "SubprocessEnvManager._take_step": {
                                    "total": 97.6334903955285,
                                    "count": 40373,
                                    "self": 2.920449393684976,
                                    "children": {
                                        "TorchPolicy.evaluate": {
                                            "total": 94.71304100184352,
                                            "count": 40371,
                                            "self": 94.71304100184352
                                        }
                                    }
                                },
                                "workers": {
                                    "total": 0.5732722990505863,
                                    "count": 40372,
                                    "self": 0.0,
                                    "children": {
                                        "worker_root": {
                                            "total": 874.7110580003937,
                                            "count": 40372,
                                            "is_parallel": true,
                                            "self": 610.8214069942187,
                                            "children": {
                                                "steps_from_proto": {
                                                    "total": 0.0003334999782964587,
                                                    "count": 1,
                                                    "is_parallel": true,