{
    "name": "root",
    "gauges": {
        "NICO.Policy.Entropy.mean": {
            "value": 1.209133267402649,
            "min": 1.209133267402649,
            "max": 1.4189382791519165,
            "count": 300
        },
        "NICO.Policy.Entropy.sum": {
            "value": 11220.7568359375,
            "min": 9745.27734375,
            "max": 17311.046875,
            "count": 300
        },
        "NICO.Environment.EpisodeLength.mean": {
            "value": 307.34375,
            "min": 64.11538461538461,
            "max": 331.06451612903226,
            "count": 300
        },
        "NICO.Environment.EpisodeLength.sum": {
            "value": 9835.0,
            "min": 9557.0,
            "max": 10395.0,
            "count": 300
        },
        "NICO.Step.mean": {
            "value": 2999859.0,
            "min": 9923.0,
            "max": 2999859.0,
            "count": 300
        },
        "NICO.Step.sum": {
            "value": 2999859.0,
            "min": 9923.0,
            "max": 2999859.0,
            "count": 300
        },
        "NICO.Policy.ExtrinsicValueEstimate.mean": {
            "value": -0.11290612071752548,
            "min": -0.7551316022872925,
            "max": -0.006684500258415937,
            "count": 300
        },
        "NICO.Policy.ExtrinsicValueEstimate.sum": {
            "value": -3.6129958629608154,
            "min": -65.2986068725586,
            "max": -0.22727300226688385,
            "count": 300
        },
        "NICO.Environment.CumulativeReward.mean": {
            "value": 0.3363669589161873,
            "min": -1.2938530509974682,
            "max": 0.9785466007888317,
            "count": 300
        },
        "NICO.Environment.CumulativeReward.sum": {
            "value": 10.763742685317993,
            "min": -198.69420099258423,
            "max": 31.313491225242615,
            "count": 300
        },
        "NICO.Policy.ExtrinsicReward.mean": {
            "value": 0.3363669589161873,
            "min": -1.2938530509974682,
            "max": 0.9785466007888317,
            "count": 300
        },
        "NICO.Policy.ExtrinsicReward.sum": {
            "value": 10.763742685317993,
            "min": -198.69420099258423,
            "max": 31.313491225242615,
            "count": 300
        },
        "NICO.IsTraining.mean": {
            "value": 1.0,
            "min": 1.0,
            "max": 1.0,
            "count": 300
        },
        "NICO.IsTraining.sum": {
            "value": 1.0,
            "min": 1.0,
            "max": 1.0,
            "count": 300
        },
        "NICO.Losses.PolicyLoss.mean": {
            "value": 0.06937454603827004,
            "min": 0.06635750980269027,
            "max": 0.07141680137376533,
            "count": 59
        },
        "NICO.Losses.PolicyLoss.sum": {
            "value": 0.06937454603827004,
            "min": 0.06635750980269027,
            "max": 0.07141680137376533,
            "count": 59
        },
        "NICO.Losses.ValueLoss.mean": {
            "value": 0.007562248427656067,
            "min": 0.006812613200282869,
            "max": 0.07031808651792698,
            "count": 59
        },
        "NICO.Losses.ValueLoss.sum": {
            "value": 0.007562248427656067,
            "min": 0.006812613200282869,
            "max": 0.07031808651792698,
            "count": 59
        },
        "NICO.Policy.LearningRate.mean": {
            "value": 0.0003,
            "min": 0.0002999999999999999,
            "max": 0.0003,
            "count": 59
        },
        "NICO.Policy.LearningRate.sum": {
            "value": 0.0003,
            "min": 0.0002999999999999999,
            "max": 0.0003,
            "count": 59
        },
        "NICO.Policy.Epsilon.mean": {
            "value": 0.20000000000000007,
            "min": 0.20000000000000004,
            "max": 0.20000000000000007,
            "count": 59
        },
        "NICO.Policy.Epsilon.sum": {
            "value": 0.20000000000000007,
            "min": 0.20000000000000004,
            "max": 0.20000000000000007,
            "count": 59
        },
        "NICO.Policy.Beta.mean": {
            "value": 0.0010000000000000005,
            "min": 0.0010000000000000005,
            "max": 0.0010000000000000005,
            "count": 59
        },
        "NICO.Policy.Beta.sum": {
            "value": 0.0010000000000000005,
            "min": 0.0010000000000000005,
            "max": 0.0010000000000000005,
            "count": 59
        }
    },
    "metadata": {
        "timer_format_version": "0.1.0",
        "start_time_seconds": "1763502750",
        "python_version": "3.10.12 | packaged by Anaconda, Inc. | (main, Jul  5 2023, 19:01:18) [MSC v.1916 64 bit (AMD64)]",
        "command_line_arguments": "C:\\Users\\Lubos\\miniconda3\\envs\\mlagents\\Scripts\\mlagents-learn C:\\diplomovka\\active_domain_randomization\\Training\\trainingConfig.yaml --run-id=C:\\diplomovka\\active_domain_randomization\\Training\\results\\agent011 --train",
        "mlagents_version": "1.1.0",
        "mlagents_envs_version": "1.1.0",
        "communication_protocol_version": "1.5.0",
        "pytorch_version": "2.2.2+cu121",
        "numpy_version": "1.23.5",
        "end_time_seconds": "1763507960"
    },
    "total": 5209.630355499918,
    "count": 1,
    "self": 0.025623399997130036,
    "children": {
        "run_training.setup": {
            "total": 0.14711549994535744,
            "count": 1,
            "self": 0.14711549994535744
        },
        "TrainerController.start_learning": {
            "total": 5209.457616599975,
            "count": 1,
            "self": 1.8156078015454113,
            "children": {
                "TrainerController._reset_env": {
                    "total": 10.036913299933076,
                    "count": 1,
                    "self": 10.036913299933076
                },
                "TrainerController.advance": {
                    "total": 5197.531919698464,
                    "count": 83569,
                    "self": 1.801236417144537,
                    "children": {
                        "env_step": {
                            "total": 1250.6362522651907,
                            "count": 83569,
                            "self": 1074.4084666715935,
                            "children": {
                                "SubprocessEnvManager._take_step": {
                                    "total": 175.09421239141375,
                                    "count": 83569,
                                    "self": 7.201477281050757,
                                    "children": {
                                        "TorchPolicy.evaluate": {
                                            "total": 167.892735110363,
                                            "count": 75148,
                                            "self": 167.892735110363
                                        }
                                    }
                                },
                                "workers": {
                                    "total": 1.1335732021834701,
                                    "count": 83569,
                                    "self": 0.0,
                                    "children": {
                                        "worker_root": {
                                            "total": 5198.168436994543,
                                            "count": 83569,
                                            "is_parallel": true,
                                            "self": 4307.736570094945,
                                            "children": {
                                                "steps_from_proto": {
                                                    "total": 0.0011020998936146498,
                                                    "count": 1,
                                                    "is_parallel": true,