{
    "name": "root",
    "gauges": {
        "NICO.Policy.Entropy.mean": {
            "value": 1.2787888050079346,
            "min": 1.2787888050079346,
            "max": 1.4189382791519165,
            "count": 215
        },
        "NICO.Policy.Entropy.sum": {
            "value": 12787.8876953125,
            "min": 12787.8876953125,
            "max": 14189.3828125,
            "count": 215
        },
        "NICO.Step.mean": {
            "value": 2149750.0,
            "min": 9750.0,
            "max": 2149750.0,
            "count": 215
        },
        "NICO.Step.sum": {
            "value": 2149750.0,
            "min": 9750.0,
            "max": 2149750.0,
            "count": 215
        },
        "NICO.Policy.ExtrinsicValueEstimate.mean": {
            "value": -263.7393798828125,
            "min": -350.2370300292969,
            "max": 0.1697588562965393,
            "count": 215
        },
        "NICO.Policy.ExtrinsicValueEstimate.sum": {
            "value": -4219.830078125,
            "min": -5603.79248046875,
            "max": 2.5463829040527344,
            "count": 215
        },
        "NICO.Environment.EpisodeLength.mean": {
            "value": 1249.0,
            "min": 1249.0,
            "max": 1249.0,
            "count": 215
        },
        "NICO.Environment.EpisodeLength.sum": {
            "value": 9992.0,
            "min": 9992.0,
            "max": 9992.0,
            "count": 215
        },
        "NICO.Environment.CumulativeReward.mean": {
            "value": -3049.5588989257812,
            "min": -6517.558258056641,
            "max": -2538.2709007263184,
            "count": 215
        },
        "NICO.Environment.CumulativeReward.sum": {
            "value": -24396.47119140625,
            "min": -52140.466064453125,
            "max": -20306.167205810547,
            "count": 215
        },
        "NICO.Policy.ExtrinsicReward.mean": {
            "value": -3049.5588989257812,
            "min": -6517.558258056641,
            "max": -2538.2709007263184,
            "count": 215
        },
        "NICO.Policy.ExtrinsicReward.sum": {
            "value": -24396.47119140625,
            "min": -52140.466064453125,
            "max": -20306.167205810547,
            "count": 215
        },
        "NICO.IsTraining.mean": {
            "value": 1.0,
            "min": 1.0,
            "max": 1.0,
            "count": 215
        },
        "NICO.IsTraining.sum": {
            "value": 1.0,
            "min": 1.0,
            "max": 1.0,
            "count": 215
        },
        "NICO.Losses.PolicyLoss.mean": {
            "value": 0.0711632114365877,
            "min": 0.06876835154688687,
            "max": 0.07236248404149537,
            "count": 42
        },
        "NICO.Losses.PolicyLoss.sum": {
            "value": 0.0711632114365877,
            "min": 0.06876835154688687,
            "max": 0.07236248404149537,
            "count": 42
        },
        "NICO.Losses.ValueLoss.mean": {
            "value": 69.8906986752335,
            "min": 60.41878594058243,
            "max": 7708.02643033895,
            "count": 42
        },
        "NICO.Losses.ValueLoss.sum": {
            "value": 69.8906986752335,
            "min": 60.41878594058243,
            "max": 7708.02643033895,
            "count": 42
        },
        "NICO.Policy.LearningRate.mean": {
            "value": 0.000274485008505,
            "min": 0.000274485008505,
            "max": 0.0002993880002039999,
            "count": 42
        },
        "NICO.Policy.LearningRate.sum": {
            "value": 0.000274485008505,
            "min": 0.000274485008505,
            "max": 0.0002993880002039999,
            "count": 42
        },
        "NICO.Policy.Epsilon.mean": {
            "value": 0.19149500000000005,
            "min": 0.19149500000000005,
            "max": 0.19979600000000006,
            "count": 42
        },
        "NICO.Policy.Epsilon.sum": {
            "value": 0.19149500000000005,
            "min": 0.19149500000000005,
            "max": 0.19979600000000006,
            "count": 42
        },
        "NICO.Policy.Beta.mean": {
            "value": 0.0009158004999999999,
            "min": 0.0009158004999999999,
            "max": 0.0009979804000000004,
            "count": 42
        },
        "NICO.Policy.Beta.sum": {
            "value": 0.0009158004999999999,
            "min": 0.0009158004999999999,
            "max": 0.0009979804000000004,
            "count": 42
        }
    },
    "metadata": {
        "timer_format_version": "0.1.0",
        "start_time_seconds": "1744281119",
        "python_version": "3.10.12 | packaged by Anaconda, Inc. | (main, Jul  5 2023, 19:01:18) [MSC v.1916 64 bit (AMD64)]",
        "command_line_arguments": "C:\\Users\\Lubos\\miniconda3\\envs\\mlagents\\Scripts\\mlagents-learn ./NICO.yaml --run-id nico_01",
        "mlagents_version": "1.1.0",
        "mlagents_envs_version": "1.1.0",
        "communication_protocol_version": "1.5.0",
        "pytorch_version": "2.2.2+cu121",
        "numpy_version": "1.23.5",
        "end_time_seconds": "1744298945"
    },
    "total": 17826.3571542,
    "count": 1,
    "self": 0.007992499995452818,
    "children": {
        "run_training.setup": {
            "total": 0.12198429999989457,
            "count": 1,
            "self": 0.12198429999989457
        },
        "TrainerController.start_learning": {
            "total": 17826.227177400004,
            "count": 1,
            "self": 44.588737201236654,
            "children": {
                "TrainerController._reset_env": {
                    "total": 7.486942400000771,
                    "count": 1,
                    "self": 7.486942400000771
                },
                "TrainerController.advance": {
                    "total": 17769.068187698762,
                    "count": 2152030,
                    "self": 40.62182830817255,
                    "children": {
                        "env_step": {
                            "total": 14723.21517739386,
                            "count": 2152030,
                            "self": 8783.752557089925,
                            "children": {
                                "SubprocessEnvManager._take_step": {
                                    "total": 5911.34967359895,
                                    "count": 2152030,
                                    "self": 128.98369780079338,
                                    "children": {
                                        "TorchPolicy.evaluate": {
                                            "total": 5782.365975798157,
                                            "count": 2152030,
                                            "self": 5782.365975798157
                                        }
                                    }
                                },
                                "workers": {
                                    "total": 28.112946704985006,
                                    "count": 2152029,
                                    "self": 0.0,
                                    "children": {
                                        "worker_root": {
                                            "total": 17698.95292120181,
                                            "count": 2152029,
                                            "is_parallel": true,
                                            "self": 10937.721322003736,
                                            "children": {
                                                "steps_from_proto": {
                                                    "total": 0.00032730000020819716,
                                                    "count": 1,