{
    "name": "root",
    "gauges": {
        "NICO.Policy.Entropy.mean": {
            "value": 1.287792444229126,
            "min": 1.2877494096755981,
            "max": 1.418938398361206,
            "count": 300
        },
        "NICO.Policy.Entropy.sum": {
            "value": 11641.6435546875,
            "min": 8931.3994140625,
            "max": 19978.65234375,
            "count": 300
        },
        "NICO.Environment.EpisodeLength.mean": {
            "value": 323.51612903225805,
            "min": 75.65671641791045,
            "max": 347.2413793103448,
            "count": 300
        },
        "NICO.Environment.EpisodeLength.sum": {
            "value": 10029.0,
            "min": 9405.0,
            "max": 10416.0,
            "count": 300
        },
        "NICO.Step.mean": {
            "value": 2999870.0,
            "min": 9921.0,
            "max": 2999870.0,
            "count": 300
        },
        "NICO.Step.sum": {
            "value": 2999870.0,
            "min": 9921.0,
            "max": 2999870.0,
            "count": 300
        },
        "NICO.Policy.ExtrinsicValueEstimate.mean": {
            "value": -0.3571324050426483,
            "min": -0.6805988550186157,
            "max": 0.0997057631611824,
            "count": 300
        },
        "NICO.Policy.ExtrinsicValueEstimate.sum": {
            "value": -11.071105003356934,
            "min": -36.33778762817383,
            "max": 10.936447143554688,
            "count": 300
        },
        "NICO.Environment.CumulativeReward.mean": {
            "value": -0.9315678246559636,
            "min": -1.339853329727283,
            "max": -0.6341414451599121,
            "count": 300
        },
        "NICO.Environment.CumulativeReward.sum": {
            "value": -28.87860256433487,
            "min": -170.23510205745697,
            "max": -18.39010190963745,
            "count": 300
        },
        "NICO.Policy.ExtrinsicReward.mean": {
            "value": -0.9315678246559636,
            "min": -1.339853329727283,
            "max": -0.6341414451599121,
            "count": 300
        },
        "NICO.Policy.ExtrinsicReward.sum": {
            "value": -28.87860256433487,
            "min": -170.23510205745697,
            "max": -18.39010190963745,
            "count": 300
        },
        "NICO.IsTraining.mean": {
            "value": 1.0,
            "min": 1.0,
            "max": 1.0,
            "count": 300
        },
        "NICO.IsTraining.sum": {
            "value": 1.0,
            "min": 1.0,
            "max": 1.0,
            "count": 300
        },
        "NICO.Losses.PolicyLoss.mean": {
            "value": 0.06889817897313977,
            "min": 0.06804533451518392,
            "max": 0.07173981859278634,
            "count": 59
        },
        "NICO.Losses.PolicyLoss.sum": {
            "value": 0.06889817897313977,
            "min": 0.06804533451518392,
            "max": 0.07173981859278634,
            "count": 59
        },
        "NICO.Losses.ValueLoss.mean": {
            "value": 0.014969266946677624,
            "min": 0.004427479209861841,
            "max": 0.052462880833981894,
            "count": 59
        },
        "NICO.Losses.ValueLoss.sum": {
            "value": 0.014969266946677624,
            "min": 0.004427479209861841,
            "max": 0.052462880833981894,
            "count": 59
        },
        "NICO.Policy.LearningRate.mean": {
            "value": 4.074998641700004e-06,
            "min": 4.074998641700004e-06,
            "max": 0.0002949954016682,
            "count": 59
        },
        "NICO.Policy.LearningRate.sum": {
            "value": 4.074998641700004e-06,
            "min": 4.074998641700004e-06,
            "max": 0.0002949954016682,
            "count": 59
        },
        "NICO.Policy.Epsilon.mean": {
            "value": 0.10135830000000001,
            "min": 0.10135830000000001,
            "max": 0.19833180000000003,
            "count": 59
        },
        "NICO.Policy.Epsilon.sum": {
            "value": 0.10135830000000001,
            "min": 0.10135830000000001,
            "max": 0.19833180000000003,
            "count": 59
        },
        "NICO.Policy.Beta.mean": {
            "value": 2.3447170000000016e-05,
            "min": 2.3447170000000016e-05,
            "max": 0.00098348482,
            "count": 59
        },
        "NICO.Policy.Beta.sum": {
            "value": 2.3447170000000016e-05,
            "min": 2.3447170000000016e-05,
            "max": 0.00098348482,
            "count": 59
        }
    },
    "metadata": {
        "timer_format_version": "0.1.0",
        "start_time_seconds": "1763490837",
        "python_version": "3.10.12 | packaged by Anaconda, Inc. | (main, Jul  5 2023, 19:01:18) [MSC v.1916 64 bit (AMD64)]",
        "command_line_arguments": "C:\\Users\\Lubos\\miniconda3\\envs\\mlagents\\Scripts\\mlagents-learn C:\\diplomovka\\active_domain_randomization\\Training\\trainingConfig.yaml --run-id=C:\\diplomovka\\active_domain_randomization\\Training\\results\\nico_new_agent_10 --train",
        "mlagents_version": "1.1.0",
        "mlagents_envs_version": "1.1.0",
        "communication_protocol_version": "1.5.0",
        "pytorch_version": "2.2.2+cu121",
        "numpy_version": "1.23.5",
        "end_time_seconds": "1763496032"
    },
    "total": 5195.638519500033,
    "count": 1,
    "self": 0.010139200021512806,
    "children": {
        "run_training.setup": {
            "total": 0.13110040000174195,
            "count": 1,
            "self": 0.13110040000174195
        },
        "TrainerController.start_learning": {
            "total": 5195.49727990001,
            "count": 1,
            "self": 1.811082188040018,
            "children": {
                "TrainerController._reset_env": {
                    "total": 22.866276600048877,
                    "count": 1,
                    "self": 22.866276600048877
                },
                "TrainerController.advance": {
                    "total": 5170.749652711907,
                    "count": 82973,
                    "self": 1.7734256179537624,
                    "children": {
                        "env_step": {
                            "total": 1249.7474670015508,
                            "count": 82973,
                            "self": 1071.6317263836972,
                            "children": {
                                "SubprocessEnvManager._take_step": {
                                    "total": 177.00727600581013,
                                    "count": 82973,
                                    "self": 6.7757674041204154,
                                    "children": {
                                        "TorchPolicy.evaluate": {
                                            "total": 170.2315086016897,
                                            "count": 75148,
                                            "self": 170.2315086016897
                                        }
                                    }
                                },
                                "workers": {
                                    "total": 1.1084646120434627,
                                    "count": 82973,
                                    "self": 0.0,
                                    "children": {
                                        "worker_root": {
                                            "total": 5171.473176620668,
                                            "count": 82973,
                                            "is_parallel": true,
                                            "self": 4284.649474405567,
                                            "children": {
                                                "steps_from_proto": {
                                                    "total": 0.0009975000284612179,
                                                    "count": 1,